Num_Acc,date,heure,minute,lat,long,dep,com,jour_semaine,nom_jour,mois_nom,trimestre,est_weekend,periode_journee,lum_desc,atm_desc,surf_desc,col_desc,catr_desc,agg_desc,vma,nbv,nb_usagers,nb_tues,nb_blesses_hospitalises,nb_blesses_legers,nb_indemnes,nb_pietons,age_moyen,pct_hommes,nb_vehicules,score_gravite,categorie_gravite,accident_mortel
202400045312,2024-01-29,,,45.933183,6.632317,74.0,74256.0,0,Monday,January,1,0,,Nuit sans éclairage public,Normale,Normale,Deux véhicules - par le côté,Route départementale,En agglomération,-1,-1.0,0,0,0,1,1,0,28.5,1.0,2,10,Matériel uniquement,0
202400000215,2024-03-21,,,47.577215,7.559948,68.0,68297.0,3,Thursday,March,1,0,,Nuit avec éclairage public allumé,Normale,Normale,Deux véhicules - par le côté,Autoroute,Hors agglomération,10,2.0,0,0,1,0,1,0,50.5,1.0,2,30,Léger,0
202400008965,2024-06-03,,,44.94542,4.84292,7.0,7281.0,0,Monday,June,2,0,,Plein jour,Normale,Normale,Deux véhicules - par le côté,Voie communale,En agglomération,30,1.0,0,0,0,1,1,0,26.0,0.5,2,10,Matériel uniquement,0
202400042390,2024-12-07,,,48.99988804,4.33865007,51.0,51453.0,5,Saturday,December,4,1,,Plein jour,Temps couvert,Mouillée,Deux véhicules - par l'arrière,Route nationale,Hors agglomération,110,2.0,0,0,1,6,0,0,17.86,0.29,2,90,Grave,0
202400013276,2024-07-01,,,48.888021,2.288715,75.0,75117.0,0,Monday,July,3,0,,Nuit avec éclairage public allumé,Normale,Normale,Sans collision,Voie communale,En agglomération,30,2.0,0,0,0,1,1,0,13.5,0.5,1,10,Matériel uniquement,0
202400035906,2024-07-22,,,43.156483,2.860265,11.0,11040.0,0,Monday,July,3,0,,Plein jour,Temps éblouissant,Normale,Autre collision,Autoroute,Hors agglomération,90,2.0,0,0,2,0,1,2,59.33,1.0,1,60,Grave,0
202400017374,2024-11-20,,,43.6091,3.85664,34.0,34172.0,2,Wednesday,November,4,0,,Plein jour,Normale,Normale,Trois véhicules et plus - collisions multiples,Voie communale,En agglomération,50,2.0,0,0,0,2,2,0,39.0,0.75,4,20,Léger,0
202400042384,2024-09-28,,,48.77129754,2.34584423,94.0,94021.0,5,Saturday,September,3,1,,Plein jour,Normale,Normale,Deux véhicules - par le côté,Autoroute,Hors agglomération,90,3.0,0,0,0,2,1,0,30.33,0.67,2,20,Léger,0
202400011444,2024-03-15,,,43.691692,4.274932,30.0,30341.0,4,Friday,March,1,0,,Nuit avec éclairage public allumé,Normale,Normale,Deux véhicules - par le côté,Route départementale,En agglomération,50,2.0,0,0,1,0,1,0,23.5,1.0,2,30,Léger,0
202400045990,2024-07-15,,,48.46795942,-4.51890535,29.0,29015.0,0,Monday,July,3,0,,Plein jour,Normale,Normale,Trois véhicules et plus - en chaîne,Route départementale,Hors agglomération,80,2.0,0,0,2,0,2,0,26.25,0.25,3,60,Grave,0
202400025794,2024-04-13,,,49.66093,1.928685,60.0,60286.0,5,Saturday,April,2,1,,Plein jour,Temps éblouissant,Normale,Deux véhicules - par l'arrière,Route départementale,Hors agglomération,80,2.0,0,0,0,2,1,0,57.67,1.0,2,20,Léger,0
202400015643,2024-04-11,,,46.582492,5.271058,71.0,71064.0,3,Thursday,April,2,0,,Plein jour,Normale,Normale,Deux véhicules - frontale,Route départementale,Hors agglomération,90,2.0,0,0,1,1,1,0,74.33,0.67,2,40,Léger,0
202400015114,2024-03-14,,,48.867488,2.382404,75.0,75111.0,3,Thursday,March,1,0,,Plein jour,Normale,Normale,Deux véhicules - par le côté,Voie communale,En agglomération,30,1.0,0,0,0,1,1,0,30.0,0.5,2,10,Matériel uniquement,0
202400039072,2024-01-13,,,48.89588,2.323022,75.0,75117.0,5,Saturday,January,1,1,,Plein jour,Temps couvert,Normale,Autre collision,Voie communale,En agglomération,30,-1.0,0,0,0,1,1,1,82.0,0.5,1,10,Matériel uniquement,0
202400005238,2024-10-21,,,48.862565,2.319008,75.0,75107.0,0,Monday,October,4,0,,Crépuscule ou aube,Normale,Normale,Deux véhicules - par le côté,Voie communale,En agglomération,30,-1.0,0,0,0,2,0,0,34.0,1.0,2,20,Léger,0
202400006650,2024-02-07,,,48.34997,-1.20177,35.0,35115.0,2,Wednesday,February,1,0,,Nuit avec éclairage public allumé,Pluie légère,Mouillée,Autre collision,Voie communale,En agglomération,50,3.0,0,0,0,1,1,1,44.0,0.5,1,10,Matériel uniquement,0
202400012731,2024-08-04,,,48.97316958,2.48646812,95.0,95277.0,6,Sunday,August,3,1,,Crépuscule ou aube,Normale,Normale,Deux véhicules - par l'arrière,Autoroute,Hors agglomération,90,2.0,0,0,0,2,3,0,32.0,0.8,2,20,Léger,0
202400008427,2024-07-18,,,44.3551152,2.57942855,12.0,12202.0,3,Thursday,July,3,0,,Plein jour,Normale,Normale,Trois véhicules et plus - collisions multiples,Voie communale,En agglomération,30,2.0,0,0,1,1,1,0,39.33,0.67,3,40,Léger,0
202400033390,2024-05-17,,,48.198749,2.371287,45.0,45014.0,4,Friday,May,2,0,,Plein jour,Normale,Normale,Sans collision,Route départementale,Hors agglomération,80,2.0,0,0,1,0,0,0,33.0,0.0,1,30,Léger,0
202400046553,2024-07-06,,,43.987575,5.486699,84.0,84060.0,5,Saturday,July,3,1,,Plein jour,Pluie légère,Mouillée,Autre collision,Voie communale,Hors agglomération,-1,2.0,0,0,0,1,0,0,42.0,1.0,1,10,Matériel uniquement,0
202400024826,2024-06-26,,,48.888762,2.393133,75.0,75119.0,2,Wednesday,June,2,0,,Plein jour,Normale,Normale,Autre collision,Voie communale,En agglomération,20,-1.0,0,0,0,1,0,0,32.0,1.0,1,10,Matériel uniquement,0
202400050268,2024-09-22,,,43.71507,7.27206,6.0,6088.0,6,Sunday,September,3,1,,Plein jour,Normale,Normale,Deux véhicules - par le côté,Voie communale,En agglomération,50,4.0,0,0,1,1,2,0,48.5,0.75,2,40,Léger,0
202400053153,2024-08-14,,,45.64433568,5.86798489,73.0,73051.0,2,Wednesday,August,3,0,,Plein jour,Normale,Normale,Deux véhicules - par le côté,Voie communale,Hors agglomération,30,2.0,0,0,1,0,1,0,49.5,1.0,2,30,Léger,0
202400013195,2024-03-15,,,43.66438,7.14998,6.0,6027.0,4,Friday,March,1,0,,Plein jour,Normale,Normale,Autre collision,Routes de métropole urbaine,En agglomération,30,2.0,0,0,0,1,1,1,28.0,0.0,1,10,Matériel uniquement,0
202400005410,2024-10-20,,,45.1565,1.50427,19.0,19031.0,6,Sunday,October,4,1,,Plein jour,Normale,Normale,Deux véhicules - par le côté,Voie communale,En agglomération,50,4.0,0,0,0,1,1,0,27.0,0.0,2,10,Matériel uniquement,0
202400035178,2024-03-26,,,43.48329,5.540054,13.0,13025.0,1,Tuesday,March,1,0,,Plein jour,Pluie légère,Mouillée,Deux véhicules - par le côté,Autoroute,Hors agglomération,110,0.0,0,0,0,1,1,0,63.0,1.0,2,10,Matériel uniquement,0
202400026980,2024-11-13,,,48.67116,2.19416,91.0,91692.0,2,Wednesday,November,4,0,,Plein jour,Normale,Normale,Deux véhicules - par le côté,Route nationale,Hors agglomération,90,2.0,0,0,0,1,2,0,37.5,0.33,2,10,Matériel uniquement,0
202400029819,2024-05-19,,,48.909796,2.49683,93.0,93057.0,6,Sunday,May,2,1,,Plein jour,Normale,Normale,Deux véhicules - frontale,Voie communale,En agglomération,30,2.0,0,0,0,1,1,0,41.5,0.5,2,10,Matériel uniquement,0
202400046556,2024-09-24,,,48.89347708,2.1888457,92.0,92050.0,1,Tuesday,September,3,0,,Plein jour,Pluie légère,Mouillée,Sans collision,Autoroute,Hors agglomération,70,2.0,0,0,0,1,0,0,52.0,0.0,1,10,Matériel uniquement,0
202400016667,2024-05-29,,,43.660972,6.923774,6.0,6069.0,2,Wednesday,May,2,0,,Plein jour,Normale,Normale,Autre collision,Parc de stationnement,En agglomération,50,0.0,0,0,0,1,0,0,90.0,0.0,1,10,Matériel uniquement,0
202400029432,2024-03-04,,,42.887346,1.349304,9.0,9182.0,0,Monday,March,1,0,,Nuit avec éclairage public allumé,Normale,Mouillée,Autre collision,Route départementale,En agglomération,50,2.0,0,0,1,2,0,0,20.67,0.33,1,50,Léger,0
202400012208,2024-08-04,,,43.95329,4.81384,84.0,84007.0,6,Sunday,August,3,1,,Plein jour,Normale,Normale,Deux véhicules - par le côté,Voie communale,En agglomération,50,4.0,0,0,0,1,1,0,74.0,0.5,2,10,Matériel uniquement,0
202400011661,2024-11-25,,,43.229688,-1.300914,64.0,64436.0,0,Monday,November,4,0,,Crépuscule ou aube,Pluie légère,Mouillée,Deux véhicules - frontale,Route départementale,Hors agglomération,80,2.0,0,1,0,0,1,0,43.5,0.5,2,100,Grave,1
202400035686,2024-02-25,,,-21.35286074,55.50978684,974.0,97416.0,6,Sunday,February,1,1,,Nuit sans éclairage public,Pluie légère,Mouillée,Sans collision,Route nationale,Hors agglomération,50,2.0,0,0,0,1,0,0,38.0,1.0,1,10,Matériel uniquement,0
202400040035,2024-06-13,,,48.549525,-3.997741,29.0,29068.0,3,Thursday,June,2,0,,Plein jour,Pluie légère,Mouillée,Deux véhicules - par le côté,Voie communale,Hors agglomération,80,2.0,0,0,1,0,1,0,51.0,1.0,2,30,Léger,0
202400022748,2024-10-10,,,48.63804517,2.53555536,91.0,91617.0,3,Thursday,October,4,0,,Plein jour,Pluie légère,Mouillée,Autre collision,Route nationale,Hors agglomération,70,2.0,0,0,0,1,0,0,21.0,0.0,1,10,Matériel uniquement,0
202400026813,2024-11-13,,,45.18063,5.735,38.0,38185.0,2,Wednesday,November,4,0,,Plein jour,Temps couvert,Normale,Deux véhicules - par le côté,Voie communale,En agglomération,50,3.0,0,0,0,1,1,0,25.0,0.5,2,10,Matériel uniquement,0
202400038450,2024-09-30,,,48.885345,2.297094,75.0,75117.0,0,Monday,September,3,0,,Plein jour,Normale,Normale,Deux véhicules - par le côté,Voie communale,En agglomération,30,3.0,0,0,0,1,1,0,45.0,0.5,2,10,Matériel uniquement,0
202400030252,2024-07-23,,,43.8831,-0.50697,40.0,40281.0,1,Tuesday,July,3,0,,Plein jour,Normale,Normale,Deux véhicules - par le côté,Voie communale,En agglomération,30,1.0,0,0,1,0,1,0,51.0,1.0,2,30,Léger,0
202400048201,2024-07-15,,,44.931184,-0.470736,33.0,33003.0,0,Monday,July,3,0,,Plein jour,Normale,Normale,Autre collision,Voie communale,Hors agglomération,80,2.0,0,0,2,1,1,0,30.5,0.5,2,70,Grave,0
202400021671,2024-12-19,,,-17.53514,-149.55554,987.0,98735.0,3,Thursday,December,4,0,,Nuit avec éclairage public allumé,Normale,Normale,Deux véhicules - frontale,Route nationale,En agglomération,30,4.0,0,0,1,1,5,0,28.71,0.14,2,40,Léger,0
202400054013,2024-09-19,,,45.72933,4.85081,69.0,69388.0,3,Thursday,September,3,0,,Plein jour,Normale,Normale,Deux véhicules - par le côté,Voie communale,En agglomération,30,2.0,0,0,1,1,1,0,47.0,0.33,2,40,Léger,0
202400047697,2024-02-16,,,46.91377,6.34619,25.0,25462.0,4,Friday,February,1,0,,Plein jour,Normale,Normale,Deux véhicules - par le côté,Voie communale,En agglomération,50,2.0,0,0,0,1,1,0,23.0,1.0,2,10,Matériel uniquement,0
202400019576,2024-04-17,,,47.40728,0.68505,37.0,37261.0,2,Wednesday,April,2,0,,Plein jour,Normale,Normale,Deux véhicules - par le côté,Voie communale,En agglomération,50,2.0,0,0,0,2,1,0,24.33,0.67,2,20,Léger,0
202400002376,2024-04-29,,,46.30293242,4.82873663,71.0,71270.0,0,Monday,April,2,0,,Plein jour,Pluie forte,Mouillée,Autre collision,Voie communale,En agglomération,30,1.0,0,0,0,1,1,1,53.5,0.5,1,10,Matériel uniquement,0
202400023243,2024-03-08,,,48.849079,2.411217,75.0,75120.0,4,Friday,March,1,0,,Nuit avec éclairage public allumé,Normale,Normale,Deux véhicules - par le côté,Voie communale,En agglomération,30,-1.0,0,0,0,1,1,0,41.5,1.0,2,10,Matériel uniquement,0
202400039824,2024-08-25,,,48.31253,6.91904,88.0,88413.0,6,Sunday,August,3,1,,Nuit avec éclairage public non allumé,Pluie forte,Mouillée,Deux véhicules - par l'arrière,Route nationale,Hors agglomération,90,2.0,0,0,0,2,2,0,38.67,0.75,2,20,Léger,0
202400021497,2024-12-21,,,48.48795,-2.7315,22.0,22360.0,5,Saturday,December,4,1,,Plein jour,Pluie légère,Mouillée,Deux véhicules - par le côté,Voie communale,En agglomération,50,2.0,0,0,0,1,1,0,40.5,1.0,2,10,Matériel uniquement,0
202400040028,2024-09-22,,,16.052789,-61.568761,971.0,97107.0,6,Sunday,September,3,1,,Nuit avec éclairage public allumé,Pluie légère,Mouillée,Sans collision,Route nationale,En agglomération,-1,-1.0,0,0,1,0,0,0,49.0,0.0,1,30,Léger,0
202400044736,2024-01-09,,,49.137273,0.171761,14.0,14574.0,1,Tuesday,January,1,0,,Nuit avec éclairage public allumé,Neige - grêle,Enneigée,Sans collision,Route départementale,Hors agglomération,50,2.0,0,0,0,1,0,0,40.0,1.0,1,10,Matériel uniquement,0
202400031576,2024-01-18,,,4.93803,-52.30632,973.0,97302.0,3,Thursday,January,1,0,,Nuit avec éclairage public non allumé,Normale,Normale,Deux véhicules - par le côté,Route départementale,En agglomération,50,2.0,0,0,0,3,0,0,23.33,0.33,2,30,Léger,0
202400028269,2024-05-21,,,48.948495,3.621122,51.0,51607.0,1,Tuesday,May,2,0,,Plein jour,Normale,Normale,Deux véhicules - par l'arrière,Route départementale,En agglomération,50,2.0,0,1,0,1,0,0,70.5,0.0,2,110,Grave,1
202400026319,2024-07-27,,,46.8993,-1.83255,85.0,85096.0,5,Saturday,July,3,1,,Plein jour,Normale,Normale,Deux véhicules - par le côté,Voie communale,Hors agglomération,50,2.0,0,0,1,0,1,0,39.0,1.0,2,30,Léger,0
202400009887,2024-04-23,,,43.18278,2.97927,11.0,11262.0,1,Tuesday,April,2,0,,Plein jour,Vent fort - tempête,Normale,Deux véhicules - par le côté,Voie communale,En agglomération,50,2.0,0,0,1,0,1,0,31.5,0.5,2,30,Léger,0
202400039944,2024-06-17,,,48.75034869,2.48304226,94.0,94044.0,0,Monday,June,2,0,,Plein jour,Normale,Normale,Autre collision,Voie communale,En agglomération,50,2.0,0,0,0,1,1,1,50.5,0.5,1,10,Matériel uniquement,0
202400036658,2024-11-06,,,47.906081,1.986601,45.0,45284.0,2,Wednesday,November,4,0,,Crépuscule ou aube,Pluie légère,Mouillée,Deux véhicules - par le côté,Voie communale,En agglomération,50,2.0,0,0,0,1,1,0,49.0,1.0,2,10,Matériel uniquement,0
202400045967,2024-10-31,,,48.91117382,2.44075119,93.0,93008.0,3,Thursday,October,4,0,,Plein jour,Temps couvert,Normale,Trois véhicules et plus - en chaîne,Autoroute,Hors agglomération,90,3.0,0,0,0,1,2,0,36.0,0.33,3,10,Matériel uniquement,0
202400051059,2024-01-03,,,42.6810683,2.85925627,66.0,66136.0,2,Wednesday,January,1,0,,Plein jour,Normale,Normale,Deux véhicules - par le côté,Voie communale,En agglomération,50,2.0,0,0,0,1,1,0,30.0,0.5,2,10,Matériel uniquement,0
202400016331,2024-12-26,,,47.520041,-0.449034,49.0,49323.0,3,Thursday,December,4,0,,Nuit sans éclairage public,Pluie légère,Mouillée,Deux véhicules - par le côté,Route départementale,Hors agglomération,80,2.0,0,0,1,0,1,0,49.5,1.0,2,30,Léger,0
202400017428,2024-11-20,,,48.870981,2.294197,75.0,75116.0,2,Wednesday,November,4,0,,Plein jour,Temps couvert,Mouillée,Deux véhicules - par le côté,Voie communale,En agglomération,30,1.0,0,0,0,1,1,0,45.5,0.5,2,10,Matériel uniquement,0
202400019503,2024-11-18,,,45.501584,4.312051,42.0,42097.0,0,Monday,November,4,0,,Nuit avec éclairage public allumé,Normale,Normale,Deux véhicules - par le côté,Routes de métropole urbaine,En agglomération,80,2.0,0,0,0,1,1,0,40.5,1.0,2,10,Matériel uniquement,0
202400005512,2024-03-21,,,48.75377346,2.36791259,94.0,94065.0,3,Thursday,March,1,0,,Plein jour,Normale,Normale,Deux véhicules - par l'arrière,Route nationale,Hors agglomération,90,2.0,0,0,0,1,1,0,40.5,1.0,2,10,Matériel uniquement,0
202400001852,2024-07-09,,,47.22617,6.04225,25.0,25056.0,1,Tuesday,July,3,0,,Nuit sans éclairage public,Normale,Normale,Autre collision,Voie communale,Hors agglomération,70,2.0,0,0,0,1,1,0,36.0,1.0,2,10,Matériel uniquement,0
202400001651,2024-07-11,,,43.660203,5.494688,13.0,13059.0,3,Thursday,July,3,0,,Plein jour,Normale,Normale,Deux véhicules - par l'arrière,Route départementale,Hors agglomération,80,1.0,0,0,0,1,1,0,30.0,0.5,2,10,Matériel uniquement,0
202400013226,2024-03-14,,,49.00247,2.53334,93.0,93073.0,3,Thursday,March,1,0,,Plein jour,Normale,Normale,Deux véhicules - par le côté,Autre,En agglomération,50,2.0,0,0,0,2,1,0,41.67,0.33,2,20,Léger,0
202400052272,2024-06-10,,,46.135572,1.961111,23.0,23128.0,0,Monday,June,2,0,,Crépuscule ou aube,Brouillard - fumée,Normale,Autre collision,Voie communale,Hors agglomération,90,2.0,0,1,0,0,0,0,25.0,1.0,1,100,Grave,1
202400000017,2024-03-25,,,48.884462,2.294478,75.0,75117.0,0,Monday,March,1,0,,Plein jour,Normale,Normale,Autre collision,Voie communale,En agglomération,30,-1.0,0,0,0,1,1,1,42.5,0.5,1,10,Matériel uniquement,0
202400025794,2024-04-13,,,49.66093,1.928685,60.0,60286.0,5,Saturday,April,2,1,,Plein jour,Temps éblouissant,Normale,Deux véhicules - par l'arrière,Route départementale,Hors agglomération,80,2.0,0,0,0,2,1,0,57.67,1.0,2,20,Léger,0
202400009509,2024-03-17,,,45.7358,4.85314,69.0,69388.0,6,Sunday,March,1,1,,Plein jour,Temps couvert,Normale,Deux véhicules - par le côté,Voie communale,En agglomération,50,2.0,0,0,1,0,1,0,39.5,0.5,2,30,Léger,0
202400051234,2024-03-27,,,48.7775,2.221063,78.0,78640.0,2,Wednesday,March,1,0,,Plein jour,Normale,Normale,Deux véhicules - par l'arrière,Autoroute,Hors agglomération,90,3.0,0,0,0,1,1,0,43.0,0.5,2,10,Matériel uniquement,0
202400049021,2024-05-05,,,48.868566,2.349755,75.0,75102.0,6,Sunday,May,2,1,,Nuit avec éclairage public allumé,Normale,Normale,Deux véhicules - frontale,Voie communale,En agglomération,30,1.0,0,0,0,1,1,0,39.5,0.5,2,10,Matériel uniquement,0
202400039131,2024-05-13,,,46.128233,5.811912,1.0,1033.0,0,Monday,May,2,0,,Plein jour,Normale,Normale,Deux véhicules - par le côté,Route départementale,En agglomération,50,2.0,0,0,0,1,1,0,25.5,1.0,2,10,Matériel uniquement,0
202400004912,2024-12-16,,,46.134914,6.126449,74.0,74016.0,0,Monday,December,4,0,,Nuit sans éclairage public,Normale,Normale,Deux véhicules - par l'arrière,Route départementale,Hors agglomération,80,2.0,0,0,0,1,1,0,53.0,1.0,2,10,Matériel uniquement,0
202400033624,2024-03-02,,,44.108215,1.25213,82.0,82087.0,5,Saturday,March,1,1,,Plein jour,Normale,Normale,Deux véhicules - frontale,Route départementale,Hors agglomération,70,2.0,0,0,0,2,1,0,29.33,0.67,2,20,Léger,0
202400009429,2024-03-19,,,-12.729935,45.180287,976.0,97610.0,1,Tuesday,March,1,0,,Crépuscule ou aube,Normale,Normale,Deux véhicules - frontale,Route nationale,Hors agglomération,70,2.0,0,0,2,0,0,0,38.0,0.5,2,60,Grave,0
202400023905,2024-04-14,,,49.8347,3.4415,2.0,2636.0,6,Sunday,April,2,1,,Plein jour,Normale,Normale,Sans collision,Route départementale,Hors agglomération,80,2.0,0,0,1,0,0,0,31.0,0.0,1,30,Léger,0
202400019148,2024-03-10,,,48.69104062,6.17090732,54.0,54395.0,6,Sunday,March,1,1,,Nuit avec éclairage public allumé,Normale,Normale,Autre collision,Voie communale,En agglomération,50,-1.0,0,0,0,1,0,0,29.0,1.0,1,10,Matériel uniquement,0
202400019846,2024-12-22,,,48.8595,2.367676,75.0,75103.0,6,Sunday,December,4,1,,Nuit avec éclairage public allumé,Pluie forte,Mouillée,Sans collision,Voie communale,En agglomération,30,-1.0,0,0,0,1,0,0,31.0,1.0,1,10,Matériel uniquement,0
202400033665,2024-03-01,,,44.348439,4.364869,7.0,7328.0,4,Friday,March,1,0,,Nuit sans éclairage public,Normale,Normale,Deux véhicules - frontale,Route départementale,Hors agglomération,80,2.0,0,0,1,1,0,0,37.5,0.5,2,40,Léger,0
202400028254,2024-05-20,,,48.05650316,4.95631993,52.0,52114.0,0,Monday,May,2,0,,Crépuscule ou aube,Pluie légère,Mouillée,Deux véhicules - par l'arrière,Autoroute,Hors agglomération,50,2.0,0,0,0,2,1,0,34.33,0.67,2,20,Léger,0
202400042278,2024-06-16,,,43.921695,5.073731,84.0,84054.0,6,Sunday,June,2,1,,Plein jour,Normale,Normale,Autre collision,Route départementale,Hors agglomération,80,2.0,0,0,1,0,0,0,23.0,1.0,1,30,Léger,0
202400037401,2024-05-12,,,45.836262,3.077913,63.0,63042.0,6,Sunday,May,2,1,,Plein jour,Normale,Normale,Sans collision,Routes de métropole urbaine,Hors agglomération,80,2.0,0,0,0,1,0,0,41.0,1.0,1,10,Matériel uniquement,0
202400034846,2024-11-06,,,48.87226,2.3383,75.0,75109.0,2,Wednesday,November,4,0,,Nuit avec éclairage public allumé,Normale,Normale,Deux véhicules - par le côté,Voie communale,En agglomération,-1,-1.0,0,0,0,1,1,0,41.0,1.0,2,10,Matériel uniquement,0
202400005680,2024-03-20,,,49.55247514,0.24805496,76.0,76404.0,2,Wednesday,March,1,0,,Plein jour,Normale,Normale,Deux véhicules - frontale,Route départementale,Hors agglomération,-1,-1.0,0,0,1,0,2,0,60.67,0.67,2,30,Léger,0
202400051173,2024-01-03,,,47.27314,-0.08067,49.0,49328.0,2,Wednesday,January,1,0,,Plein jour,Pluie légère,Mouillée,Autre collision,Route départementale,Hors agglomération,50,1.0,0,0,0,1,0,0,23.0,1.0,1,10,Matériel uniquement,0
202400009645,2024-07-04,,,46.98483,-0.21863,79.0,79329.0,3,Thursday,July,3,0,,Plein jour,Normale,Normale,Deux véhicules - par le côté,Voie communale,En agglomération,50,2.0,0,0,1,0,1,0,47.5,1.0,2,30,Léger,0
202400047832,2024-02-17,,,48.89472,2.40378,93.0,93055.0,5,Saturday,February,1,1,,Plein jour,Normale,Normale,Autre collision,Voie communale,En agglomération,30,2.0,0,0,1,1,1,2,84.0,0.33,1,40,Léger,0
202400029815,2024-01-18,,,43.56427205,1.29347116,31.0,31424.0,3,Thursday,January,1,0,,Plein jour,Normale,Normale,Autre collision,Route départementale,En agglomération,30,2.0,0,1,1,0,2,2,44.25,0.75,2,130,Grave,1
202400001242,2024-10-20,,,43.34676777,5.37260261,13.0,13215.0,6,Sunday,October,4,1,,Nuit avec éclairage public allumé,Normale,Normale,Deux véhicules - par l'arrière,Autoroute,Hors agglomération,70,4.0,0,0,0,1,1,0,33.0,1.0,2,10,Matériel uniquement,0
202400045363,2024-04-26,,,43.11505529,-0.03375093,65.0,65286.0,4,Friday,April,2,0,,Plein jour,Normale,Normale,Trois véhicules et plus - en chaîne,Route nationale,Hors agglomération,70,2.0,0,0,0,3,0,0,48.67,0.33,3,30,Léger,0
202400036718,2024-06-17,,,48.95721,2.85143,77.0,77335.0,0,Monday,June,2,0,,Plein jour,Normale,Normale,Trois véhicules et plus - collisions multiples,Route nationale,Hors agglomération,70,4.0,0,0,0,1,4,0,69.0,0.6,3,10,Matériel uniquement,0
202400019615,2024-04-17,,,49.5671,3.6296,2.0,2408.0,2,Wednesday,April,2,0,,Plein jour,Normale,Normale,Deux véhicules - par le côté,Voie communale,En agglomération,50,0.0,0,0,0,1,1,0,28.5,0.5,2,10,Matériel uniquement,0
202400048518,2024-12-03,,,48.855097,2.361671,75.0,75104.0,1,Tuesday,December,4,0,,Crépuscule ou aube,Pluie légère,Mouillée,Autre collision,Voie communale,En agglomération,30,3.0,0,0,0,1,0,0,19.0,0.0,1,10,Matériel uniquement,0
202400032078,2024-07-22,,,47.23396238,-1.56646677,44.0,44109.0,0,Monday,July,3,0,,Plein jour,Normale,Normale,Deux véhicules - par le côté,Voie communale,En agglomération,50,2.0,0,0,0,1,1,0,31.0,0.5,2,10,Matériel uniquement,0
202400026907,2024-06-25,,,48.080244,-0.882468,53.0,53103.0,1,Tuesday,June,2,0,,Plein jour,Normale,Normale,Deux véhicules - frontale,Voie communale,Hors agglomération,80,2.0,0,0,1,0,1,0,20.5,1.0,2,30,Léger,0
202400037710,2024-04-07,,,49.03766218,4.6271781,51.0,51572.0,6,Sunday,April,2,1,,Crépuscule ou aube,Normale,Normale,Sans collision,Autoroute,Hors agglomération,130,2.0,0,0,1,0,0,0,20.0,1.0,1,30,Léger,0
202400001180,2024-02-11,,,44.061501,-0.312424,40.0,40014.0,6,Sunday,February,1,1,,Nuit sans éclairage public,Normale,Mouillée,Autre collision,Autoroute,Hors agglomération,110,2.0,0,0,1,1,2,1,40.5,0.25,2,40,Léger,0
202400017526,2024-11-18,,,16.312631,-61.379717,971.0,97117.0,0,Monday,November,4,0,,Plein jour,Normale,Normale,Autre collision,Voie communale,Hors agglomération,80,2.0,0,0,1,0,0,0,20.0,1.0,1,30,Léger,0
202400024380,2024-05-23,,,41.93057,8.73756,,,3,Thursday,May,2,0,,Plein jour,Normale,Normale,Autre collision,Voie communale,En agglomération,50,1.0,0,0,0,1,1,1,43.0,0.0,1,10,Matériel uniquement,0
202400051855,2024-08-17,,,44.433167,5.282578,26.0,26376.0,5,Saturday,August,3,1,,Plein jour,Normale,Normale,Autre collision,Route départementale,Hors agglomération,80,2.0,0,1,0,1,0,0,63.0,0.5,1,110,Grave,1
202400014069,2024-12-28,,,47.77451766,-0.21424301,72.0,72022.0,5,Saturday,December,4,1,,Nuit sans éclairage public,Normale,Mouillée,Trois véhicules et plus - collisions multiples,Autoroute,Hors agglomération,130,2.0,0,0,4,0,4,0,28.0,0.75,3,120,Grave,0