Num_Acc,date,heure,minute,lat,long,dep,com,jour_semaine,nom_jour,mois_nom,trimestre,est_weekend,periode_journee,lum_desc,atm_desc,surf_desc,col_desc,catr_desc,agg_desc,vma,nbv,nb_usagers,nb_tues,nb_blesses_hospitalises,nb_blesses_legers,nb_indemnes,nb_pietons,age_moyen,pct_hommes,nb_vehicules,score_gravite,categorie_gravite,accident_mortel
202400053005,2024-09-20,,,48.843876,2.281981,75.0,75115.0,4,Friday,September,3,0,,Plein jour,Normale,Normale,Autre collision,Voie communale,En agglomération,30,2.0,0,0,0,2,0,1,54.5,0.0,1,20,Léger,0
202400012462,2024-01-16,,,48.790864,2.61848,77.0,77373.0,1,Tuesday,January,1,0,,Crépuscule ou aube,Normale,Mouillée,Deux véhicules - par l'arrière,Route nationale,Hors agglomération,90,4.0,0,0,1,0,1,0,24.0,0.5,2,30,Léger,0
202400009719,2024-09-13,,,47.93528,1.91752,45.0,45147.0,4,Friday,September,3,0,,Plein jour,Normale,Normale,Deux véhicules - par le côté,Voie communale,En agglomération,50,1.0,0,0,0,1,1,0,38.0,0.5,2,10,Matériel uniquement,0
202400039019,2024-02-26,,,45.04971657,3.90962976,43.0,43041.0,0,Monday,February,1,0,,Plein jour,Pluie légère,Mouillée,Deux véhicules - par le côté,Route départementale,En agglomération,50,2.0,0,0,0,2,1,0,25.0,0.33,2,20,Léger,0
202400046868,2024-03-30,,,45.74245,4.84013,69.0,69387.0,5,Saturday,March,1,1,,Nuit avec éclairage public allumé,Pluie légère,Mouillée,Deux véhicules - frontale,Voie communale,En agglomération,30,2.0,0,0,0,1,1,0,31.0,1.0,2,10,Matériel uniquement,0
202400005989,2024-09-16,,,43.23788476,6.08417903,83.0,83049.0,0,Monday,September,3,0,,Plein jour,Normale,Normale,Deux véhicules - par l'arrière,Autoroute,Hors agglomération,110,2.0,0,0,2,0,1,0,47.67,0.33,2,60,Grave,0
202400003666,2024-03-20,,,48.82315,2.70712,77.0,77181.0,2,Wednesday,March,1,0,,Plein jour,Normale,Normale,Deux véhicules - par le côté,Voie communale,En agglomération,30,0.0,0,0,0,1,1,0,71.5,1.0,2,10,Matériel uniquement,0
202400024511,2024-05-23,,,48.766358,2.408973,94.0,94022.0,3,Thursday,May,2,0,,Plein jour,Normale,Normale,Autre collision,Voie communale,En agglomération,50,2.0,0,0,0,1,1,1,28.0,0.5,1,10,Matériel uniquement,0
202400019750,2024-01-30,,,43.462755,5.409007,13.0,13015.0,1,Tuesday,January,1,0,,Plein jour,Normale,Normale,Deux véhicules - frontale,Voie communale,En agglomération,50,2.0,0,0,0,1,0,0,26.0,0.0,1,10,Matériel uniquement,0
202400014210,2024-01-28,,,43.28373262,5.58423456,13.0,13005.0,6,Sunday,January,1,1,,Nuit sans éclairage public,Normale,Normale,Deux véhicules - frontale,Autoroute,Hors agglomération,70,3.0,0,0,0,1,0,0,25.0,0.0,1,10,Matériel uniquement,0
202400023494,2024-04-16,,,47.277653,4.997631,21.0,21390.0,1,Tuesday,April,2,0,,Nuit sans éclairage public,Pluie légère,Mouillée,Autre collision,Voie communale,En agglomération,30,2.0,0,0,1,1,2,0,16.0,1.0,1,40,Léger,0
202400005525,2024-03-20,,,45.74442,4.88782,69.0,69383.0,2,Wednesday,March,1,0,,Plein jour,Normale,Mouillée,Autre collision,Voie communale,En agglomération,30,1.0,0,0,0,1,1,1,42.0,0.5,1,10,Matériel uniquement,0
202400025090,2024-02-03,,,43.4248,5.05366,13.0,13056.0,5,Saturday,February,1,1,,Plein jour,Normale,Normale,Deux véhicules - par le côté,Routes de métropole urbaine,En agglomération,50,2.0,0,0,1,0,1,0,46.0,1.0,2,30,Léger,0
202400017854,2024-01-30,,,48.07634368,-1.58679716,35.0,35055.0,1,Tuesday,January,1,0,,Plein jour,Normale,Normale,Deux véhicules - par le côté,Routes de métropole urbaine,Hors agglomération,80,2.0,0,0,1,0,1,0,43.0,1.0,2,30,Léger,0
202400035003,2024-12-11,,,4.93645,-52.33251,973.0,97302.0,2,Wednesday,December,4,0,,Nuit avec éclairage public non allumé,Normale,Normale,Deux véhicules - par le côté,Voie communale,En agglomération,50,2.0,0,0,0,1,1,0,29.5,0.5,2,10,Matériel uniquement,0
202400009623,2024-07-04,,,4.9442,-52.30948,973.0,97302.0,3,Thursday,July,3,0,,Plein jour,Normale,Normale,Deux véhicules - par le côté,Route départementale,En agglomération,50,2.0,0,0,0,1,1,0,46.0,0.0,2,10,Matériel uniquement,0
202400045893,2024-08-21,,,45.89315686,3.20817411,63.0,63148.0,2,Wednesday,August,3,0,,Plein jour,Normale,Normale,Autre collision,Route départementale,Hors agglomération,90,1.0,0,0,1,3,2,0,48.67,0.33,2,60,Grave,0
202400048691,2024-05-05,,,49.658971,0.808192,76.0,76228.0,6,Sunday,May,2,1,,Plein jour,Normale,Normale,Sans collision,Voie communale,Hors agglomération,80,2.0,0,0,0,1,0,0,16.0,1.0,1,10,Matériel uniquement,0
202400027379,2024-12-18,,,49.02669,1.14169,27.0,27229.0,2,Wednesday,December,4,0,,Crépuscule ou aube,Normale,Normale,Autre collision,Voie communale,En agglomération,50,2.0,0,0,0,1,1,1,39.5,1.0,1,10,Matériel uniquement,0
202400007021,2024-06-04,,,47.22545,-1.57371,44.0,44109.0,1,Tuesday,June,2,0,,Crépuscule ou aube,Normale,Normale,Deux véhicules - par le côté,Voie communale,En agglomération,30,2.0,0,0,0,1,1,0,32.0,1.0,2,10,Matériel uniquement,0
202400006314,2024-04-26,,,43.64989,6.93199,6.0,6069.0,4,Friday,April,2,0,,Plein jour,Normale,Normale,Deux véhicules - par le côté,Voie communale,En agglomération,50,2.0,0,0,0,2,0,0,26.5,0.0,2,20,Léger,0
202400048112,2024-06-11,,,45.807,4.86845,69.0,69034.0,1,Tuesday,June,2,0,,Plein jour,Normale,Normale,Deux véhicules - par le côté,Routes de métropole urbaine,En agglomération,50,4.0,0,0,1,0,1,0,47.0,0.5,2,30,Léger,0
202400033494,2024-05-17,,,48.928581,1.988439,78.0,78466.0,4,Friday,May,2,0,,Plein jour,Normale,Mouillée,Trois véhicules et plus - en chaîne,Autoroute,Hors agglomération,130,6.0,0,0,0,1,2,0,43.0,0.67,3,10,Matériel uniquement,0
202400046609,2024-11-24,,,44.31894,2.5864,12.0,12146.0,6,Sunday,November,4,1,,Plein jour,Normale,Normale,Autre collision,Voie communale,Hors agglomération,80,2.0,0,0,0,1,0,0,22.0,1.0,1,10,Matériel uniquement,0
202400049318,2024-02-16,,,43.28971,3.51148,34.0,34003.0,4,Friday,February,1,0,,Nuit avec éclairage public allumé,Normale,Normale,Autre collision,Voie communale,En agglomération,-1,-1.0,0,0,2,1,0,0,23.67,1.0,1,70,Grave,0
202400036292,2024-06-19,,,4.93856,-52.32047,973.0,97302.0,2,Wednesday,June,2,0,,Plein jour,Normale,Normale,Deux véhicules - par le côté,Voie communale,En agglomération,30,1.0,0,0,0,1,1,0,20.5,0.0,2,10,Matériel uniquement,0
202400027411,2024-01-20,,,47.74769,-3.36509,56.0,56121.0,5,Saturday,January,1,1,,Nuit avec éclairage public allumé,Normale,Normale,Sans collision,Voie communale,En agglomération,30,2.0,0,0,0,1,1,0,16.0,1.0,1,10,Matériel uniquement,0
202400045853,2024-08-16,,,47.840569,-3.436242,56.0,56179.0,4,Friday,August,3,0,,Plein jour,Pluie légère,Mouillée,Deux véhicules - par le côté,Route départementale,Hors agglomération,-1,2.0,0,0,1,0,1,0,45.5,0.5,2,30,Léger,0
202400026917,2024-11-13,,,50.274692,1.659359,80.0,80688.0,2,Wednesday,November,4,0,,Plein jour,Normale,Normale,Autre collision,Route départementale,Hors agglomération,70,2.0,0,0,1,0,0,0,18.0,1.0,1,30,Léger,0
202400033636,2024-03-01,,,48.311907,-3.049551,22.0,22047.0,4,Friday,March,1,0,,Plein jour,Normale,Mouillée,Deux véhicules - frontale,Route départementale,En agglomération,50,2.0,0,0,0,1,1,0,55.0,1.0,2,10,Matériel uniquement,0
202400011604,2024-07-03,,,47.78109,-3.33511,56.0,56098.0,2,Wednesday,July,3,0,,Crépuscule ou aube,Normale,Normale,Autre collision,Route départementale,Hors agglomération,50,2.0,0,0,0,1,0,0,60.0,1.0,1,10,Matériel uniquement,0
202400036219,2024-06-20,,,48.765652,-3.0445,22.0,22162.0,3,Thursday,June,2,0,,Plein jour,Normale,Normale,Deux véhicules - frontale,Voie communale,Hors agglomération,80,1.0,0,0,1,1,0,0,37.0,0.5,2,40,Léger,0
202400038049,2024-09-30,,,48.82935,2.51771,94.0,94015.0,0,Monday,September,3,0,,Plein jour,Pluie légère,Mouillée,Sans collision,Route départementale,En agglomération,-1,2.0,0,0,0,1,0,0,35.0,1.0,1,10,Matériel uniquement,0
202400040185,2024-09-29,,,43.12541,5.93291,83.0,83137.0,6,Sunday,September,3,1,,Nuit avec éclairage public allumé,Normale,Normale,Deux véhicules - par le côté,Voie communale,En agglomération,50,1.0,0,0,0,1,1,0,35.0,1.0,2,10,Matériel uniquement,0
202400003198,2024-06-05,,,47.46467,-0.59369,49.0,49007.0,2,Wednesday,June,2,0,,Plein jour,Normale,Normale,Deux véhicules - par le côté,Voie communale,En agglomération,50,2.0,0,0,0,1,3,0,33.25,0.25,2,10,Matériel uniquement,0
202400051160,2024-08-16,,,50.403241,3.041579,59.0,59234.0,4,Friday,August,3,0,,Nuit avec éclairage public non allumé,Normale,Normale,Deux véhicules - frontale,Route départementale,Hors agglomération,90,4.0,0,0,1,0,1,0,36.0,1.0,2,30,Léger,0
202400051218,2024-10-26,,,49.073279,3.63721,51.0,51217.0,5,Saturday,October,4,1,,Plein jour,Normale,Normale,Sans collision,Route départementale,En agglomération,50,2.0,0,0,1,0,1,0,75.0,0.5,1,30,Léger,0
202400034236,2024-10-02,,,47.64658,-2.75916,56.0,56260.0,2,Wednesday,October,4,0,,Plein jour,Normale,Normale,Autre collision,Voie communale,En agglomération,30,2.0,0,0,0,1,1,1,51.0,0.0,1,10,Matériel uniquement,0
202400003816,2024-03-19,,,48.92566019,2.24720138,92.0,92025.0,1,Tuesday,March,1,0,,Nuit avec éclairage public allumé,Normale,Normale,Autre collision,Voie communale,En agglomération,30,2.0,0,0,0,2,1,2,38.33,0.0,1,20,Léger,0
202400046481,2024-12-05,,,49.49975,0.16257,76.0,76351.0,3,Thursday,December,4,0,,Plein jour,Normale,Normale,Sans collision,Voie communale,En agglomération,50,2.0,0,0,1,0,0,0,30.0,0.0,1,30,Léger,0
202400045517,2024-08-20,,,-20.8991,55.4918,974.0,97411.0,1,Tuesday,August,3,0,,Plein jour,Normale,Normale,Trois véhicules et plus - collisions multiples,Voie communale,En agglomération,30,2.0,0,0,0,1,2,0,45.33,1.0,3,10,Matériel uniquement,0
202400008190,2024-04-25,,,48.886563,2.473079,93.0,93053.0,3,Thursday,April,2,0,,Plein jour,Normale,Normale,Deux véhicules - par le côté,Route départementale,En agglomération,50,4.0,0,0,0,2,1,0,42.33,0.33,2,20,Léger,0
202400032406,2024-10-04,,,43.40292,5.31575,13.0,13071.0,4,Friday,October,4,0,,Nuit avec éclairage public allumé,Normale,Normale,Deux véhicules - par l'arrière,Route départementale,Hors agglomération,50,1.0,0,0,0,3,1,0,12.33,0.25,2,30,Léger,0
202400008745,2024-02-05,,,48.75628517,2.33422052,94.0,94034.0,0,Monday,February,1,0,,Nuit sans éclairage public,Normale,Normale,Deux véhicules - par l'arrière,Autoroute,Hors agglomération,110,3.0,0,0,0,2,0,0,31.5,0.5,2,20,Léger,0
202400011170,2024-10-16,,,48.93540166,2.26544968,92.0,92036.0,2,Wednesday,October,4,0,,Nuit avec éclairage public non allumé,Normale,Normale,Deux véhicules - par l'arrière,Autoroute,Hors agglomération,90,2.0,0,0,0,1,1,0,38.5,1.0,2,10,Matériel uniquement,0
202400016493,2024-06-27,,,50.2771,3.97403,59.0,59392.0,3,Thursday,June,2,0,,Nuit avec éclairage public allumé,Normale,Normale,Autre collision,Voie communale,En agglomération,50,0.0,0,0,1,0,0,0,34.0,1.0,1,30,Léger,0
202400012695,2024-02-02,,,44.89281,4.85059,7.0,7316.0,4,Friday,February,1,0,,Plein jour,Normale,Normale,Deux véhicules - frontale,Route départementale,En agglomération,50,2.0,0,0,0,1,2,0,51.0,0.67,2,10,Matériel uniquement,0
202400026250,2024-05-22,,,44.88206,6.62288,5.0,5023.0,2,Wednesday,May,2,0,,Nuit avec éclairage public allumé,Pluie légère,Mouillée,Autre collision,Route départementale,En agglomération,50,2.0,0,0,0,1,0,0,42.0,1.0,1,10,Matériel uniquement,0
202400019611,2024-12-20,,,46.7791,-1.21655,85.0,85084.0,4,Friday,December,4,0,,Nuit sans éclairage public,Pluie légère,Mouillée,Deux véhicules - par le côté,Route départementale,Hors agglomération,80,2.0,0,0,0,2,4,0,22.83,0.67,2,20,Léger,0
202400004792,2024-08-10,,,45.116071,-0.400701,33.0,33439.0,5,Saturday,August,3,1,,Plein jour,Normale,Normale,Autre collision,Route départementale,En agglomération,50,2.0,0,0,1,0,0,0,23.0,1.0,1,30,Léger,0
202400019767,2024-12-22,,,49.43894,1.11594,76.0,76540.0,6,Sunday,December,4,1,,Plein jour,Normale,Mouillée,Deux véhicules - par le côté,Route nationale,Hors agglomération,70,6.0,0,0,0,1,1,0,32.5,1.0,2,10,Matériel uniquement,0
202400012340,2024-02-03,,,43.267968,1.085597,31.0,31193.0,5,Saturday,February,1,1,,Nuit sans éclairage public,Brouillard - fumée,Normale,Deux véhicules - par le côté,Route départementale,Hors agglomération,80,2.0,0,0,2,0,1,0,31.0,1.0,2,60,Grave,0
202400022079,2024-07-30,,,43.70456874,-0.31942248,40.0,40091.0,1,Tuesday,July,3,0,,Plein jour,Normale,Normale,Deux véhicules - frontale,Voie communale,Hors agglomération,70,2.0,0,0,0,2,1,0,37.67,0.33,2,20,Léger,0
202400013650,2024-04-21,,,43.45026,5.25257,13.0,13117.0,6,Sunday,April,2,1,,Plein jour,Normale,Normale,Deux véhicules - frontale,Voie communale,En agglomération,50,2.0,0,0,0,3,1,0,24.0,0.0,3,30,Léger,0
202400050640,2024-02-14,,,42.7031,9.44631,,,2,Wednesday,February,1,0,,Plein jour,Normale,Normale,Deux véhicules - par l'arrière,Voie communale,En agglomération,50,2.0,0,0,0,2,1,0,30.33,1.0,2,20,Léger,0
202400032893,2024-12-14,,,48.62777,2.34019,91.0,91549.0,5,Saturday,December,4,1,,Nuit avec éclairage public allumé,Temps couvert,Mouillée,Autre collision,Route départementale,En agglomération,50,1.0,0,0,0,1,1,1,60.0,0.5,1,10,Matériel uniquement,0
202400050896,2024-02-16,,,44.92641,4.90551,26.0,26362.0,4,Friday,February,1,0,,Nuit avec éclairage public allumé,Normale,Normale,Deux véhicules - par le côté,Voie communale,En agglomération,50,1.0,0,0,0,2,1,0,33.67,0.67,2,20,Léger,0
202400014083,2024-04-19,,,43.64994,6.94967,6.0,6069.0,4,Friday,April,2,0,,Plein jour,Normale,Normale,Deux véhicules - par le côté,Route départementale,Hors agglomération,50,2.0,0,0,0,1,1,0,36.5,0.5,2,10,Matériel uniquement,0
202400051303,2024-01-03,,,48.863752,2.40767,75.0,75120.0,2,Wednesday,January,1,0,,Nuit avec éclairage public allumé,Pluie légère,Mouillée,Deux véhicules - par le côté,Voie communale,En agglomération,30,-1.0,0,0,0,1,2,0,44.33,1.0,2,10,Matériel uniquement,0
202400022247,2024-05-25,,,49.25716215,6.11427784,57.0,57019.0,5,Saturday,May,2,1,,Nuit avec éclairage public allumé,Normale,Normale,Sans collision,Route départementale,En agglomération,50,2.0,0,0,2,0,1,0,24.0,1.0,1,60,Grave,0
202400022593,2024-10-09,,,50.63191,3.09367,59.0,59350.0,2,Wednesday,October,4,0,,Plein jour,Pluie forte,Mouillée,Trois véhicules et plus - collisions multiples,Routes de métropole urbaine,En agglomération,50,2.0,0,0,0,1,3,0,29.75,1.0,3,10,Matériel uniquement,0
202400051525,2024-12-02,,,44.79739,-0.64159,33.0,33318.0,0,Monday,December,4,0,,Crépuscule ou aube,Pluie forte,Mouillée,Autre collision,Voie communale,En agglomération,50,2.0,0,0,0,1,1,1,40.0,1.0,1,10,Matériel uniquement,0
202400051656,2024-05-03,,,47.35475,0.69605,37.0,37122.0,4,Friday,May,2,0,,Plein jour,Normale,Normale,Autre collision,Voie communale,En agglomération,50,3.0,0,0,0,1,0,0,37.0,1.0,1,10,Matériel uniquement,0
202400049345,2024-07-13,,,43.59606,3.89197,34.0,34172.0,5,Saturday,July,3,1,,Nuit avec éclairage public allumé,Normale,Normale,Deux véhicules - par le côté,Voie communale,En agglomération,30,2.0,0,0,0,1,1,0,19.0,0.5,2,10,Matériel uniquement,0
202400020268,2024-09-06,,,43.46605,-1.53703,64.0,64122.0,4,Friday,September,3,0,,Plein jour,Pluie légère,Mouillée,Deux véhicules - par le côté,Voie communale,En agglomération,50,2.0,0,0,0,1,1,0,30.0,1.0,2,10,Matériel uniquement,0
202400046841,2024-05-07,,,48.94065,2.35656,93.0,93066.0,1,Tuesday,May,2,0,,Plein jour,Normale,Normale,Deux véhicules - par le côté,Voie communale,En agglomération,30,1.0,0,0,0,1,1,0,35.5,1.0,2,10,Matériel uniquement,0
202400054319,2024-09-19,,,45.90261089,3.10209543,63.0,63300.0,3,Thursday,September,3,0,,Plein jour,Temps éblouissant,Normale,Deux véhicules - par le côté,Voie communale,En agglomération,50,2.0,0,0,0,1,1,0,44.0,0.0,2,10,Matériel uniquement,0
202400046811,2024-05-07,,,48.85994,2.360754,75.0,75103.0,1,Tuesday,May,2,0,,Plein jour,Normale,Normale,Autre collision,Voie communale,En agglomération,30,1.0,0,1,0,0,1,1,59.0,0.5,1,100,Grave,1
202400032380,2024-10-03,,,47.46685,-0.55225,49.0,49007.0,3,Thursday,October,4,0,,Nuit avec éclairage public allumé,Normale,Normale,Deux véhicules - par l'arrière,Voie communale,En agglomération,50,2.0,0,0,0,1,1,0,55.5,1.0,2,10,Matériel uniquement,0
202400008858,2024-02-05,,,43.70222,7.26577,6.0,6088.0,0,Monday,February,1,0,,Nuit avec éclairage public allumé,Normale,Normale,Deux véhicules - par le côté,Voie communale,En agglomération,50,1.0,0,0,0,2,3,0,26.6,0.6,2,20,Léger,0
202400049165,2024-08-17,,,45.58688794,4.77139851,69.0,69091.0,5,Saturday,August,3,1,,Plein jour,Autre,Mouillée,Deux véhicules - par le côté,Routes de métropole urbaine,En agglomération,-1,3.0,0,0,0,1,1,0,39.5,1.0,2,10,Matériel uniquement,0
202400033432,2024-01-17,,,48.85253393,2.51115945,94.0,94058.0,2,Wednesday,January,1,0,,Plein jour,Pluie légère,Mouillée,Deux véhicules - par l'arrière,Route départementale,En agglomération,50,2.0,0,0,0,1,3,0,35.75,0.5,2,10,Matériel uniquement,0
202400002460,2024-08-13,,,45.858471,3.551824,63.0,63430.0,1,Tuesday,August,3,0,,Plein jour,Normale,Normale,Sans collision,Voie communale,En agglomération,50,2.0,0,0,1,0,1,0,49.0,0.0,2,30,Léger,0
202400022226,2024-01-26,,,44.53168,4.74263,26.0,26198.0,4,Friday,January,1,0,,Nuit avec éclairage public allumé,Normale,Normale,Deux véhicules - par le côté,Route nationale,Hors agglomération,50,2.0,0,0,1,0,1,0,24.5,0.5,2,30,Léger,0
202400048682,2024-03-29,,,48.70061031,2.31006861,91.0,91161.0,4,Friday,March,1,0,,Plein jour,Pluie légère,Mouillée,Deux véhicules - par l'arrière,Autoroute,Hors agglomération,110,3.0,0,0,0,1,1,0,35.0,1.0,2,10,Matériel uniquement,0
202400012001,2024-11-24,,,-21.038194,167.272579,988.0,98814.0,6,Sunday,November,4,1,,Plein jour,Pluie légère,Mouillée,Autre collision,Voie communale,Hors agglomération,-1,2.0,0,0,0,1,0,0,22.0,1.0,1,10,Matériel uniquement,0
202400027522,2024-04-12,,,44.867745,-0.596694,33.0,33069.0,4,Friday,April,2,0,,Plein jour,Normale,Normale,Deux véhicules - par le côté,Voie communale,En agglomération,50,2.0,0,0,0,1,1,0,46.0,0.5,2,10,Matériel uniquement,0
202400001618,2024-05-27,,,47.957542,4.996183,52.0,52017.0,0,Monday,May,2,0,,Plein jour,Normale,Normale,Sans collision,Route départementale,Hors agglomération,80,2.0,0,0,1,0,0,0,60.0,1.0,1,30,Léger,0
202400045109,2024-01-08,,,50.67682,3.18783,59.0,59512.0,0,Monday,January,1,0,,Nuit avec éclairage public allumé,Autre,Normale,Deux véhicules - par le côté,Voie communale,En agglomération,50,2.0,0,0,0,1,1,0,36.5,0.5,2,10,Matériel uniquement,0
202400023466,2024-12-20,,,45.298053,5.477945,38.0,38517.0,4,Friday,December,4,0,,Nuit sans éclairage public,Normale,Mouillée,Trois véhicules et plus - collisions multiples,Route départementale,Hors agglomération,50,2.0,0,0,1,0,4,0,42.2,0.6,3,30,Léger,0
202400021279,2024-06-28,,,48.021017,-1.738486,35.0,35047.0,4,Friday,June,2,0,,Plein jour,Normale,Normale,Deux véhicules - par le côté,Voie communale,En agglomération,-1,-1.0,0,0,1,0,1,0,77.5,1.0,2,30,Léger,0
202400049157,2024-06-11,,,43.32104204,5.37520501,13.0,13203.0,1,Tuesday,June,2,0,,Nuit avec éclairage public allumé,Normale,Normale,Deux véhicules - par le côté,Routes de métropole urbaine,En agglomération,50,-1.0,0,0,0,3,0,0,25.67,1.0,2,30,Léger,0
202400006251,2024-04-26,,,45.19069,5.68934,38.0,38169.0,4,Friday,April,2,0,,Plein jour,Normale,Normale,Deux véhicules - par le côté,Voie communale,En agglomération,30,2.0,0,0,0,1,1,0,44.5,1.0,2,10,Matériel uniquement,0
202400016515,2024-01-31,,,16.256476,-61.349416,971.0,97128.0,2,Wednesday,January,1,0,,Plein jour,Normale,Normale,Sans collision,Route départementale,Hors agglomération,80,2.0,0,1,0,0,0,0,74.0,1.0,1,100,Grave,1
202400042675,2024-11-01,,,48.95674,2.90704,77.0,77284.0,4,Friday,November,4,0,,Plein jour,Normale,Normale,Autre collision,Route départementale,En agglomération,50,0.0,0,0,0,1,1,1,47.0,1.0,1,10,Matériel uniquement,0
202400017268,2024-03-12,,,48.874009,2.52952,93.0,93077.0,1,Tuesday,March,1,0,,Nuit avec éclairage public allumé,Pluie légère,Mouillée,Autre collision,Route départementale,En agglomération,-1,2.0,0,0,0,1,1,1,12.5,1.0,1,10,Matériel uniquement,0
202400044911,2024-01-10,,,44.375335,4.705013,26.0,26235.0,2,Wednesday,January,1,0,,Plein jour,Normale,Normale,Deux véhicules - par le côté,Voie communale,En agglomération,30,2.0,0,0,0,3,0,0,40.0,0.67,2,30,Léger,0
202400031725,2024-05-17,,,4.93704525,-52.31510952,973.0,97302.0,4,Friday,May,2,0,,Plein jour,Pluie légère,Mouillée,Deux véhicules - par le côté,Route départementale,En agglomération,50,2.0,0,0,0,4,1,0,27.6,0.6,2,40,Léger,0
202400023548,2024-04-14,,,49.02285377,1.99979088,95.0,95074.0,6,Sunday,April,2,1,,Plein jour,Normale,Normale,Deux véhicules - par l'arrière,Route départementale,En agglomération,50,2.0,0,0,0,6,0,0,21.0,0.67,2,60,Grave,0
202400038491,2024-09-30,,,48.93755749,2.2761637,92.0,92036.0,0,Monday,September,3,0,,Plein jour,Temps couvert,Normale,Deux véhicules - par l'arrière,Voie communale,En agglomération,50,4.0,0,0,0,1,1,0,43.0,1.0,2,10,Matériel uniquement,0
202400002604,2024-08-12,,,-22.25361,166.45674,988.0,98818.0,0,Monday,August,3,0,,Crépuscule ou aube,Normale,Normale,Deux véhicules - par le côté,Voie communale,En agglomération,30,2.0,0,0,0,1,1,0,41.5,1.0,2,10,Matériel uniquement,0
202400039417,2024-05-12,,,47.91296,1.91194,45.0,45234.0,6,Sunday,May,2,1,,Crépuscule ou aube,Temps éblouissant,Normale,Autre collision,Voie communale,En agglomération,50,3.0,0,0,1,0,1,1,22.5,1.0,1,30,Léger,0
202400027149,2024-12-18,,,14.61848,-60.99497,972.0,97213.0,2,Wednesday,December,4,0,,Plein jour,Pluie légère,Mouillée,Deux véhicules - par le côté,Route départementale,En agglomération,50,1.0,0,0,0,1,1,0,45.0,0.5,2,10,Matériel uniquement,0
202400037987,2024-08-26,,,48.79028,1.96018,78.0,78490.0,0,Monday,August,3,0,,Plein jour,Normale,Normale,Deux véhicules - frontale,Route départementale,Hors agglomération,50,2.0,0,0,1,1,0,0,45.0,0.5,2,40,Léger,0
202400053342,2024-07-11,,,44.985988,4.682729,7.0,7095.0,3,Thursday,July,3,0,,Plein jour,Pluie forte,Mouillée,Deux véhicules - frontale,Route départementale,Hors agglomération,80,2.0,0,0,0,1,1,0,60.5,1.0,2,10,Matériel uniquement,0
202400049279,2024-02-15,,,43.89288,-0.50808,40.0,40192.0,3,Thursday,February,1,0,,Plein jour,Normale,Normale,Autre collision,Voie communale,En agglomération,50,3.0,0,0,0,1,1,0,30.0,1.0,2,10,Matériel uniquement,0
202400019244,2024-11-19,,,43.348057,5.603593,13.0,13086.0,1,Tuesday,November,4,0,,Plein jour,Normale,Normale,Deux véhicules - frontale,Route départementale,En agglomération,50,2.0,0,0,1,0,1,1,52.0,0.5,1,30,Léger,0
202400023448,2024-12-21,,,48.978108,3.955722,51.0,51281.0,5,Saturday,December,4,1,,Plein jour,Temps couvert,Mouillée,Deux véhicules - frontale,Route départementale,En agglomération,50,2.0,0,0,0,1,1,0,65.5,1.0,2,10,Matériel uniquement,0
202400037674,2024-07-20,,,46.64321,5.18332,71.0,71056.0,5,Saturday,July,3,1,,Plein jour,Normale,Normale,Deux véhicules - par l'arrière,Route départementale,En agglomération,50,2.0,0,0,0,1,1,0,53.5,0.5,2,10,Matériel uniquement,0
202400035781,2024-04-07,,,44.637334,1.056828,24.0,24386.0,6,Sunday,April,2,1,,Nuit sans éclairage public,Normale,Normale,Autre collision,Route départementale,Hors agglomération,80,2.0,0,0,0,1,1,0,18.0,0.5,1,10,Matériel uniquement,0